Month,Region,Fulfilment,Status,Sales_Outcome,Total_Orders,Total_Units,Total_Revenue
2022-03,ANDHRA PRADESH,Amazon,Shipped,Operational / Successful,4,4,2623.0
2022-03,ANDHRA PRADESH,Merchant,Shipped - Delivered to Buyer,Operational / Successful,1,1,998.0
2022-03,BIHAR,Amazon,Shipped,Operational / Successful,5,5,3638.0
2022-03,BIHAR,Merchant,Shipped - Delivered to Buyer,Operational / Successful,1,1,999.0
2022-03,CHANDIGARH,Amazon,Shipped,Operational / Successful,1,1,353.0
2022-03,CHHATTISGARH,Amazon,Shipped,Operational / Successful,1,1,899.0
2022-03,DELHI,Amazon,Shipped,Operational / Successful,9,10,7424.0
2022-03,GOA,Amazon,Shipped,Operational / Successful,1,1,542.0
2022-03,Gujarat,Amazon,Shipped,Operational / Successful,7,8,4145.0
2022-03,Gujarat,Merchant,Shipped - Delivered to Buyer,Operational / Successful,1,1,446.0
2022-03,HARYANA,Amazon,Shipped,Operational / Successful,4,6,2981.0
2022-03,HARYANA,Merchant,Cancelled,Revenue At Risk,1,0,416.19
2022-03,JAMMU & KASHMIR,Merchant,Cancelled,Revenue At Risk,1,0,724.76
2022-03,JHARKHAND,Amazon,Shipped,Operational / Successful,1,1,599.0
2022-03,JHARKHAND,Merchant,Shipped - Delivered to Buyer,Operational / Successful,1,1,499.0
2022-03,KARNATAKA,Amazon,Cancelled,Revenue At Risk,2,1,698.0
2022-03,KARNATAKA,Amazon,Shipped,Operational / Successful,18,20,12011.0
2022-03,KARNATAKA,Merchant,Cancelled,Revenue At Risk,1,0,471.43
2022-03,KARNATAKA,Merchant,Shipped - Delivered to Buyer,Operational / Successful,1,1,364.0
2022-03,KERALA,Amazon,Shipped,Operational / Successful,4,6,3280.0
2022-03,KERALA,Merchant,Cancelled,Revenue At Risk,2,0,1449.52
2022-03,KERALA,Merchant,Shipped - Delivered to Buyer,Operational / Successful,1,1,248.0
2022-03,MADHYA PRADESH,Amazon,Cancelled,Revenue At Risk,1,0,0.0
2022-03,MADHYA PRADESH,Amazon,Shipped,Operational / Successful,1,1,499.0
2022-03,MAHARASHTRA,Amazon,Cancelled,Revenue At Risk,3,2,2211.0
2022-03,MAHARASHTRA,Amazon,Shipped,Operational / Successful,20,20,13426.0
2022-03,MAHARASHTRA,Merchant,Shipped - Delivered to Buyer,Operational / Successful,1,1,730.0
2022-03,ODISHA,Amazon,Shipped,Operational / Successful,4,6,3073.0
2022-03,RAJASTHAN,Amazon,Shipped,Operational / Successful,2,2,1022.0
2022-03,RAJASTHAN,Merchant,Shipped - Delivered to Buyer,Operational / Successful,1,1,490.0
2022-03,TAMIL NADU,Amazon,Shipped,Operational / Successful,10,11,6173.0
2022-03,TAMIL NADU,Merchant,Cancelled,Revenue At Risk,1,0,360.95
2022-03,TAMIL NADU,Merchant,Shipped - Delivered to Buyer,Operational / Successful,2,2,2032.0
2022-03,TELANGANA,Amazon,Cancelled,Revenue At Risk,3,1,542.0
2022-03,TELANGANA,Amazon,Shipped,Operational / Successful,5,5,3538.0
2022-03,TRIPURA,Merchant,Shipped - Delivered to Buyer,Operational / Successful,1,1,688.0
2022-03,UTTAR PRADESH,Amazon,Cancelled,Revenue At Risk,1,0,0.0
2022-03,UTTAR PRADESH,Amazon,Shipped,Operational / Successful,14,14,8550.0
2022-03,UTTAR PRADESH,Merchant,Shipped - Delivered to Buyer,Operational / Successful,3,3,1802.0
2022-03,UTTAR PRADESH,Merchant,Shipped - Returned to Seller,Operational / Successful,1,1,627.0
2022-03,UTTARAKHAND,Amazon,Shipped,Operational / Successful,1,1,1138.0
2022-03,WEST BENGAL,Amazon,Cancelled,Revenue At Risk,2,0,0.0
2022-03,WEST BENGAL,Amazon,Shipped,Operational / Successful,11,12,8099.0
2022-03,WEST BENGAL,Merchant,Shipped - Delivered to Buyer,Operational / Successful,2,2,874.0
2022-04,ANDAMAN & NICOBAR ,Amazon,Cancelled,Revenue At Risk,14,8,5110.0
2022-04,ANDAMAN & NICOBAR ,Amazon,Shipped,Operational / Successful,48,49,31334.0
2022-04,ANDAMAN & NICOBAR ,Merchant,Cancelled,Revenue At Risk,6,0,4116.73
2022-04,ANDAMAN & NICOBAR ,Merchant,Shipped - Delivered to Buyer,Operational / Successful,18,18,10906.0
2022-04,ANDAMAN & NICOBAR ,Merchant,Shipped - Picked Up,Operational / Successful,1,3,1973.0
2022-04,ANDAMAN & NICOBAR ,Merchant,Shipped - Returned to Seller,Operational / Successful,1,1,856.0
2022-04,ANDHRA PRADESH,Amazon,Cancelled,Revenue At Risk,186,101,57996.0
2022-04,ANDHRA PRADESH,Amazon,Shipped,Operational / Successful,1041,1146,704256.0
2022-04,ANDHRA PRADESH,Merchant,Cancelled,Revenue At Risk,108,0,52434.13
2022-04,ANDHRA PRADESH,Merchant,Shipped - Delivered to Buyer,Operational / Successful,413,448,266564.0
2022-04,ANDHRA PRADESH,Merchant,Shipped - Rejected by Buyer,Operational / Successful,1,1,568.0
2022-04,ANDHRA PRADESH,Merchant,Shipped - Returned to Seller,Operational / Successful,30,30,16796.0
2022-04,APO,Amazon,Cancelled,Revenue At Risk,1,0,0.0
2022-04,ARUNACHAL PRADESH,Amazon,Cancelled,Revenue At Risk,5,4,2847.0
2022-04,ARUNACHAL PRADESH,Amazon,Shipped,Operational / Successful,22,26,18119.0
2022-04,ARUNACHAL PRADESH,Merchant,Cancelled,Revenue At Risk,4,0,1992.38
2022-04,ARUNACHAL PRADESH,Merchant,Shipped - Delivered to Buyer,Operational / Successful,14,14,8148.0
2022-04,ARUNACHAL PRADESH,Merchant,Shipped - Returned to Seller,Operational / Successful,1,1,930.0
2022-04,ASSAM,Amazon,Cancelled,Revenue At Risk,72,30,17606.0
2022-04,ASSAM,Amazon,Shipped,Operational / Successful,416,433,277321.0
2022-04,ASSAM,Merchant,Cancelled,Revenue At Risk,44,0,17564.88
2022-04,ASSAM,Merchant,Shipped - Delivered to Buyer,Operational / Successful,156,161,97695.0
2022-04,ASSAM,Merchant,Shipped - Returned to Seller,Operational / Successful,30,30,22269.0
2022-04,ASSAM,Merchant,Shipped - Returning to Seller,Operational / Successful,1,1,1115.0
2022-04,Arunachal Pradesh,Amazon,Shipped,Operational / Successful,1,1,589.0
2022-04,Arunachal Pradesh,Merchant,Shipped - Delivered to Buyer,Operational / Successful,1,1,646.0
2022-04,BIHAR,Amazon,Cancelled,Revenue At Risk,104,45,37973.0
2022-04,BIHAR,Amazon,Shipped,Operational / Successful,474,493,348078.0
2022-04,BIHAR,Merchant,Cancelled,Revenue At Risk,49,0,27521.11
2022-04,BIHAR,Merchant,Shipped - Delivered to Buyer,Operational / Successful,178,190,127877.0
2022-04,BIHAR,Merchant,Shipped - Returned to Seller,Operational / Successful,28,28,19298.0
2022-04,Bihar,Amazon,Cancelled,Revenue At Risk,1,1,459.0
2022-04,Bihar,Amazon,Shipped,Operational / Successful,10,10,6809.0
2022-04,Bihar,Merchant,Shipped - Delivered to Buyer,Operational / Successful,2,2,1122.0
2022-04,Bihar,Merchant,Shipped - Returned to Seller,Operational / Successful,3,3,2536.0
2022-04,CHANDIGARH,Amazon,Cancelled,Revenue At Risk,6,3,1341.0
2022-04,CHANDIGARH,Amazon,Shipped,Operational / Successful,63,68,45391.0
2022-04,CHANDIGARH,Merchant,Cancelled,Revenue At Risk,3,0,1873.33
2022-04,CHANDIGARH,Merchant,Shipped - Delivered to Buyer,Operational / Successful,31,34,20790.0
2022-04,CHANDIGARH,Merchant,Shipped - Returned to Seller,Operational / Successful,2,2,2260.0
2022-04,CHHATTISGARH,Amazon,Cancelled,Revenue At Risk,25,17,10309.0
2022-04,CHHATTISGARH,Amazon,Shipped,Operational / Successful,195,205,132214.0
2022-04,CHHATTISGARH,Merchant,Cancelled,Revenue At Risk,21,0,11958.65
2022-04,CHHATTISGARH,Merchant,Shipped - Delivered to Buyer,Operational / Successful,99,106,66104.0
2022-04,CHHATTISGARH,Merchant,Shipped - Returned to Seller,Operational / Successful,7,10,6394.0
2022-04,Chandigarh,Amazon,Shipped,Operational / Successful,3,3,3130.0
2022-04,Chandigarh,Merchant,Shipped - Returned to Seller,Operational / Successful,1,1,475.0
2022-04,DADRA AND NAGAR,Amazon,Cancelled,Revenue At Risk,2,2,1743.0
2022-04,DADRA AND NAGAR,Amazon,Shipped,Operational / Successful,15,16,9774.0
2022-04,DADRA AND NAGAR,Merchant,Cancelled,Revenue At Risk,3,0,921.9
2022-04,DADRA AND NAGAR,Merchant,Shipped - Delivered to Buyer,Operational / Successful,5,7,4332.0
2022-04,DELHI,Amazon,Cancelled,Revenue At Risk,176,93,62484.0
2022-04,DELHI,Amazon,Shipped,Operational / Successful,1468,1568,1018854.0
2022-04,DELHI,Merchant,Cancelled,Revenue At Risk,132,0,70464.3
2022-04,DELHI,Merchant,Shipped - Delivered to Buyer,Operational / Successful,633,702,453195.0
2022-04,DELHI,Merchant,Shipped - Returned to Seller,Operational / Successful,47,49,29233.0
2022-04,Delhi,Amazon,Cancelled,Revenue At Risk,4,2,1528.0
2022-04,Delhi,Amazon,Shipped,Operational / Successful,34,35,21286.0
2022-04,Delhi,Merchant,Cancelled,Revenue At Risk,2,0,0.0
2022-04,Delhi,Merchant,Shipped - Delivered to Buyer,Operational / Successful,15,15,7224.0
2022-04,GOA,Amazon,Cancelled,Revenue At Risk,36,21,13722.0
2022-04,GOA,Amazon,Shipped,Operational / Successful,256,281,167556.0
2022-04,GOA,Merchant,Cancelled,Revenue At Risk,21,0,8123.82
2022-04,GOA,Merchant,Shipped - Delivered to Buyer,Operational / Successful,107,113,65429.0
2022-04,GOA,Merchant,Shipped - Returned to Seller,Operational / Successful,6,6,3378.0
2022-04,Goa,Amazon,Cancelled,Revenue At Risk,1,0,0.0
2022-04,Goa,Amazon,Shipped,Operational / Successful,10,10,5646.0
2022-04,Goa,Merchant,Shipped - Delivered to Buyer,Operational / Successful,5,5,2571.0
2022-04,Gujarat,Amazon,Cancelled,Revenue At Risk,125,68,42343.0
2022-04,Gujarat,Amazon,Shipped,Operational / Successful,944,1068,618331.0
2022-04,Gujarat,Merchant,Cancelled,Revenue At Risk,98,0,43448.48
2022-04,Gujarat,Merchant,Shipped - Delivered to Buyer,Operational / Successful,421,458,286342.0
2022-04,Gujarat,Merchant,Shipped - Returned to Seller,Operational / Successful,19,20,13618.0
2022-04,HARYANA,Amazon,Cancelled,Revenue At Risk,151,72,50804.0
2022-04,HARYANA,Amazon,Shipped,Operational / Successful,909,968,644892.0
2022-04,HARYANA,Merchant,Cancelled,Revenue At Risk,80,0,45679.52
2022-04,HARYANA,Merchant,Shipped - Delivered to Buyer,Operational / Successful,389,423,278496.0
2022-04,HARYANA,Merchant,Shipped - Rejected by Buyer,Operational / Successful,1,1,788.0
2022-04,HARYANA,Merchant,Shipped - Returned to Seller,Operational / Successful,22,24,17380.0
2022-04,HIMACHAL PRADESH,Amazon,Cancelled,Revenue At Risk,21,9,6342.0
2022-04,HIMACHAL PRADESH,Amazon,Shipped,Operational / Successful,159,170,118374.0
2022-04,HIMACHAL PRADESH,Merchant,Cancelled,Revenue At Risk,22,0,12296.54
2022-04,HIMACHAL PRADESH,Merchant,Shipped - Delivered to Buyer,Operational / Successful,93,101,57523.0
2022-04,HIMACHAL PRADESH,Merchant,Shipped - Returned to Seller,Operational / Successful,7,7,4319.0
2022-04,JAMMU & KASHMIR,Amazon,Cancelled,Revenue At Risk,36,21,14148.0
2022-04,JAMMU & KASHMIR,Amazon,Shipped,Operational / Successful,139,144,100653.0
2022-04,JAMMU & KASHMIR,Merchant,Cancelled,Revenue At Risk,20,0,9428.46
2022-04,JAMMU & KASHMIR,Merchant,Shipped - Delivered to Buyer,Operational / Successful,62,64,41229.0
2022-04,JAMMU & KASHMIR,Merchant,Shipped - Returned to Seller,Operational / Successful,11,11,8726.0
2022-04,JHARKHAND,Amazon,Cancelled,Revenue At Risk,61,24,16118.0
2022-04,JHARKHAND,Amazon,Shipped,Operational / Successful,315,326,220878.0
2022-04,JHARKHAND,Merchant,Cancelled,Revenue At Risk,47,0,28498.99
2022-04,JHARKHAND,Merchant,Shipped - Delivered to Buyer,Operational / Successful,161,170,110720.0
2022-04,JHARKHAND,Merchant,Shipped - Returned to Seller,Operational / Successful,23,26,17324.0
2022-04,KARNATAKA,Amazon,Cancelled,Revenue At Risk,530,289,189500.0
2022-04,KARNATAKA,Amazon,Shipped,Operational / Successful,3818,4080,2532410.0
2022-04,KARNATAKA,Merchant,Cancelled,Revenue At Risk,275,0,120040.55
2022-04,KARNATAKA,Merchant,Shipped - Delivered to Buyer,Operational / Successful,1358,1480,868298.0
2022-04,KARNATAKA,Merchant,Shipped - Lost in Transit,Operational / Successful,2,2,0.0
2022-04,KARNATAKA,Merchant,Shipped - Rejected by Buyer,Operational / Successful,1,1,568.0
2022-04,KARNATAKA,Merchant,Shipped - Returned to Seller,Operational / Successful,85,92,53001.0
2022-04,KERALA,Amazon,Cancelled,Revenue At Risk,255,144,89583.0
2022-04,KERALA,Amazon,Shipped,Operational / Successful,1249,1340,799381.0
2022-04,KERALA,Merchant,Cancelled,Revenue At Risk,176,0,82409.74
2022-04,KERALA,Merchant,Shipped - Delivered to Buyer,Operational / Successful,606,649,397638.0
2022-04,KERALA,Merchant,Shipped - Returned to Seller,Operational / Successful,34,35,19077.0
2022-04,LADAKH,Amazon,Cancelled,Revenue At Risk,1,1,824.0
2022-04,LADAKH,Amazon,Shipped,Operational / Successful,11,11,9568.0
2022-04,LADAKH,Merchant,Shipped - Delivered to Buyer,Operational / Successful,3,3,2426.0
2022-04,LADAKH,Merchant,Shipped - Returned to Seller,Operational / Successful,1,1,1115.0
2022-04,LAKSHADWEEP,Merchant,Shipped - Picked Up,Operational / Successful,1,1,825.0
2022-04,MADHYA PRADESH,Amazon,Cancelled,Revenue At Risk,80,42,29195.0
2022-04,MADHYA PRADESH,Amazon,Shipped,Operational / Successful,483,521,345049.0
2022-04,MADHYA PRADESH,Merchant,Cancelled,Revenue At Risk,62,0,28905.29
2022-04,MADHYA PRADESH,Merchant,Shipped - Delivered to Buyer,Operational / Successful,243,258,163632.0
2022-04,MADHYA PRADESH,Merchant,Shipped - Returned to Seller,Operational / Successful,20,21,10543.0
2022-04,MADHYA PRADESH,Merchant,Shipped - Returning to Seller,Operational / Successful,1,1,1126.0
2022-04,MAHARASHTRA,Amazon,Cancelled,Revenue At Risk,658,356,216346.0
2022-04,MAHARASHTRA,Amazon,Shipped,Operational / Successful,4834,5152,3191063.0
2022-04,MAHARASHTRA,Merchant,Cancelled,Revenue At Risk,399,0,184804.85
2022-04,MAHARASHTRA,Merchant,Shipped - Delivered to Buyer,Operational / Successful,1917,2104,1260610.0
2022-04,MAHARASHTRA,Merchant,Shipped - Rejected by Buyer,Operational / Successful,3,3,1472.0
2022-04,MAHARASHTRA,Merchant,Shipped - Returned to Seller,Operational / Successful,103,109,65246.0
2022-04,MANIPUR,Amazon,Cancelled,Revenue At Risk,12,7,4242.0
2022-04,MANIPUR,Amazon,Shipped,Operational / Successful,72,74,55660.0
2022-04,MANIPUR,Merchant,Cancelled,Revenue At Risk,4,0,1406.66
2022-04,MANIPUR,Merchant,Shipped - Delivered to Buyer,Operational / Successful,35,37,26465.0
2022-04,MANIPUR,Merchant,Shipped - Returned to Seller,Operational / Successful,1,1,499.0
2022-04,MEGHALAYA,Amazon,Cancelled,Revenue At Risk,6,2,1464.0
2022-04,MEGHALAYA,Amazon,Shipped,Operational / Successful,42,44,27444.0
2022-04,MEGHALAYA,Merchant,Cancelled,Revenue At Risk,2,0,847.62
2022-04,MEGHALAYA,Merchant,Shipped - Delivered to Buyer,Operational / Successful,27,31,15743.0
2022-04,MEGHALAYA,Merchant,Shipped - Returned to Seller,Operational / Successful,2,2,1839.0
2022-04,MIZORAM,Amazon,Cancelled,Revenue At Risk,3,2,1014.0
2022-04,MIZORAM,Amazon,Shipped,Operational / Successful,16,17,9197.0
2022-04,MIZORAM,Merchant,Cancelled,Revenue At Risk,2,0,380.0
2022-04,MIZORAM,Merchant,Shipped - Delivered to Buyer,Operational / Successful,3,3,1697.0
2022-04,MIZORAM,Merchant,Shipped - Returned to Seller,Operational / Successful,1,1,453.0
2022-04,Manipur,Amazon,Shipped,Operational / Successful,2,2,857.0
2022-04,Manipur,Merchant,Shipped - Delivered to Buyer,Operational / Successful,2,2,1338.0
2022-04,NAGALAND,Amazon,Cancelled,Revenue At Risk,5,2,1714.0
2022-04,NAGALAND,Amazon,Shipped,Operational / Successful,26,27,20722.0
2022-04,NAGALAND,Merchant,Cancelled,Revenue At Risk,3,0,1477.15
2022-04,NAGALAND,Merchant,Shipped - Delivered to Buyer,Operational / Successful,12,12,8143.0
2022-04,NAGALAND,Merchant,Shipped - Returned to Seller,Operational / Successful,1,1,647.0
2022-04,NL,Amazon,Shipped,Operational / Successful,1,1,518.0
2022-04,New Delhi,Amazon,Cancelled,Revenue At Risk,2,1,499.0
2022-04,New Delhi,Amazon,Shipped,Operational / Successful,22,23,17808.0
2022-04,New Delhi,Merchant,Cancelled,Revenue At Risk,3,0,800.0
2022-04,New Delhi,Merchant,Shipped - Delivered to Buyer,Operational / Successful,5,5,4291.0
2022-04,ODISHA,Amazon,Cancelled,Revenue At Risk,82,40,27102.0
2022-04,ODISHA,Amazon,Shipped,Operational / Successful,455,488,329506.0
2022-04,ODISHA,Merchant,Cancelled,Revenue At Risk,46,0,23532.23
2022-04,ODISHA,Merchant,Shipped - Delivered to Buyer,Operational / Successful,177,186,121900.0
2022-04,ODISHA,Merchant,Shipped - Returned to Seller,Operational / Successful,23,23,17373.0
2022-04,Odisha,Amazon,Shipped,Operational / Successful,5,5,3323.0
2022-04,Odisha,Merchant,Cancelled,Revenue At Risk,1,0,921.9
2022-04,Odisha,Merchant,Shipped - Delivered to Buyer,Operational / Successful,1,1,495.0
2022-04,Odisha,Merchant,Shipped - Returned to Seller,Operational / Successful,1,1,1338.0
2022-04,PB,Amazon,Shipped,Operational / Successful,1,1,399.0
2022-04,PUDUCHERRY,Amazon,Cancelled,Revenue At Risk,16,3,1623.0
2022-04,PUDUCHERRY,Amazon,Shipped,Operational / Successful,66,70,39418.0
2022-04,PUDUCHERRY,Merchant,Cancelled,Revenue At Risk,8,0,4546.66
2022-04,PUDUCHERRY,Merchant,Shipped - Delivered to Buyer,Operational / Successful,22,27,13639.0
2022-04,PUDUCHERRY,Merchant,Shipped - Returned to Seller,Operational / Successful,2,3,1128.0
2022-04,PUNJAB,Amazon,Cancelled,Revenue At Risk,50,25,18394.0
2022-04,PUNJAB,Amazon,Shipped,Operational / Successful,389,416,261334.0
2022-04,PUNJAB,Merchant,Cancelled,Revenue At Risk,31,0,21106.15
2022-04,PUNJAB,Merchant,Shipped - Delivered to Buyer,Operational / Successful,182,202,139753.0
2022-04,PUNJAB,Merchant,Shipped - Returned to Seller,Operational / Successful,21,21,13228.0
2022-04,Puducherry,Amazon,Shipped,Operational / Successful,1,1,568.0
2022-04,Punjab,Amazon,Cancelled,Revenue At Risk,1,0,0.0
2022-04,Punjab,Amazon,Shipped,Operational / Successful,6,6,4735.0
2022-04,Punjab,Merchant,Shipped - Delivered to Buyer,Operational / Successful,5,5,3576.0
2022-04,Punjab/Mohali/Zirakpur,Merchant,Shipped - Delivered to Buyer,Operational / Successful,1,1,568.0
2022-04,RAJASTHAN,Amazon,Cancelled,Revenue At Risk,90,34,22794.0
2022-04,RAJASTHAN,Amazon,Shipped,Operational / Successful,521,567,377083.0
2022-04,RAJASTHAN,Merchant,Cancelled,Revenue At Risk,60,0,32694.33
2022-04,RAJASTHAN,Merchant,Shipped - Delivered to Buyer,Operational / Successful,259,290,186842.0
2022-04,RAJASTHAN,Merchant,Shipped - Returned to Seller,Operational / Successful,26,30,20668.0
2022-04,RJ,Merchant,Shipped - Delivered to Buyer,Operational / Successful,1,1,685.0
2022-04,Rajasthan,Amazon,Shipped,Operational / Successful,12,14,8894.0
2022-04,Rajasthan,Merchant,Shipped - Delivered to Buyer,Operational / Successful,6,6,3831.0
2022-04,Rajshthan,Amazon,Cancelled,Revenue At Risk,1,1,563.0
2022-04,Rajshthan,Amazon,Shipped,Operational / Successful,1,1,563.0
2022-04,SIKKIM,Amazon,Cancelled,Revenue At Risk,5,2,1280.0
2022-04,SIKKIM,Amazon,Shipped,Operational / Successful,39,41,27743.0
2022-04,SIKKIM,Merchant,Cancelled,Revenue At Risk,4,0,2580.53
2022-04,SIKKIM,Merchant,Shipped - Delivered to Buyer,Operational / Successful,17,21,15185.0
2022-04,SIKKIM,Merchant,Shipped - Out for Delivery,Operational / Successful,1,1,1115.0
2022-04,SIKKIM,Merchant,Shipped - Returned to Seller,Operational / Successful,2,2,1914.0
2022-04,TAMIL NADU,Amazon,Cancelled,Revenue At Risk,359,185,104363.0
2022-04,TAMIL NADU,Amazon,Shipped,Operational / Successful,2307,2476,1418639.0
2022-04,TAMIL NADU,Merchant,Cancelled,Revenue At Risk,183,0,75711.64
2022-04,TAMIL NADU,Merchant,Shipped - Delivered to Buyer,Operational / Successful,833,925,522952.0
2022-04,TAMIL NADU,Merchant,Shipped - Returned to Seller,Operational / Successful,61,61,30555.0
2022-04,TELANGANA,Amazon,Cancelled,Revenue At Risk,332,177,111310.0
2022-04,TELANGANA,Amazon,Shipped,Operational / Successful,2181,2339,1450742.0
2022-04,TELANGANA,Merchant,Cancelled,Revenue At Risk,228,0,113819.49
2022-04,TELANGANA,Merchant,Shipped - Delivered to Buyer,Operational / Successful,836,959,579798.0
2022-04,TELANGANA,Merchant,Shipped - Returned to Seller,Operational / Successful,60,63,37227.0
2022-04,TRIPURA,Amazon,Cancelled,Revenue At Risk,5,3,1318.0
2022-04,TRIPURA,Amazon,Shipped,Operational / Successful,39,41,26476.0
2022-04,TRIPURA,Merchant,Cancelled,Revenue At Risk,4,0,475.24
2022-04,TRIPURA,Merchant,Shipped - Delivered to Buyer,Operational / Successful,16,18,10807.0
2022-04,TRIPURA,Merchant,Shipped - Returned to Seller,Operational / Successful,1,1,359.0
2022-04,UTTAR PRADESH,Amazon,Cancelled,Revenue At Risk,320,155,108289.0
2022-04,UTTAR PRADESH,Amazon,Shipped,Operational / Successful,2239,2360,1571664.0
2022-04,UTTAR PRADESH,Merchant,Cancelled,Revenue At Risk,276,0,135345.11
2022-04,UTTAR PRADESH,Merchant,Shipped - Delivered to Buyer,Operational / Successful,978,1074,702894.0
2022-04,UTTAR PRADESH,Merchant,Shipped - Returned to Seller,Operational / Successful,98,106,69429.0
2022-04,UTTARAKHAND,Amazon,Cancelled,Revenue At Risk,58,28,20285.0
2022-04,UTTARAKHAND,Amazon,Pending,Operational / Successful,1,1,399.0
2022-04,UTTARAKHAND,Amazon,Shipped,Operational / Successful,343,357,239523.0
2022-04,UTTARAKHAND,Merchant,Cancelled,Revenue At Risk,29,0,15282.45
2022-04,UTTARAKHAND,Merchant,Shipped - Delivered to Buyer,Operational / Successful,157,171,116299.0
2022-04,UTTARAKHAND,Merchant,Shipped - Returned to Seller,Operational / Successful,16,17,13114.0
2022-04,Unknown,Amazon,Cancelled,Revenue At Risk,1,1,399.0
2022-04,Unknown,Amazon,Shipped,Operational / Successful,5,6,3591.0
2022-04,Unknown,Merchant,Cancelled,Revenue At Risk,2,0,1140.0
2022-04,Unknown,Merchant,Shipped - Delivered to Buyer,Operational / Successful,2,2,1675.0
2022-04,Unknown,Merchant,Shipped - Returned to Seller,Operational / Successful,1,1,654.0
2022-04,WEST BENGAL,Amazon,Cancelled,Revenue At Risk,215,89,52357.0
2022-04,WEST BENGAL,Amazon,Shipped,Operational / Successful,1453,1530,933478.0
2022-04,WEST BENGAL,Merchant,Cancelled,Revenue At Risk,152,0,71658.89
2022-04,WEST BENGAL,Merchant,Shipped - Delivered to Buyer,Operational / Successful,579,621,369136.0
2022-04,WEST BENGAL,Merchant,Shipped - Returned to Seller,Operational / Successful,51,56,34437.0
2022-04,delhi,Amazon,Shipped,Operational / Successful,6,7,4902.0
2022-04,delhi,Merchant,Cancelled,Revenue At Risk,2,0,647.62
2022-04,delhi,Merchant,Shipped - Delivered to Buyer,Operational / Successful,2,2,1008.0
2022-04,goa,Amazon,Shipped,Operational / Successful,1,2,741.0
2022-04,orissa,Merchant,Shipped - Delivered to Buyer,Operational / Successful,1,1,597.0
2022-04,punjab,Amazon,Shipped,Operational / Successful,5,5,3219.0
2022-04,punjab,Merchant,Shipped - Delivered to Buyer,Operational / Successful,2,3,2452.0
2022-04,rajasthan,Amazon,Shipped,Operational / Successful,3,3,1803.0
2022-04,rajasthan,Merchant,Shipped - Delivered to Buyer,Operational / Successful,2,3,2143.0
2022-05,ANDAMAN & NICOBAR ,Amazon,Cancelled,Revenue At Risk,7,3,1583.0
2022-05,ANDAMAN & NICOBAR ,Amazon,Shipped,Operational / Successful,32,39,26341.0
2022-05,ANDAMAN & NICOBAR ,Merchant,Cancelled,Revenue At Risk,8,0,4060.97
2022-05,ANDAMAN & NICOBAR ,Merchant,Shipped - Delivered to Buyer,Operational / Successful,17,19,11291.0
2022-05,ANDAMAN & NICOBAR ,Merchant,Shipped - Returned to Seller,Operational / Successful,5,6,4301.0
2022-05,ANDAMAN & NICOBAR ,Merchant,Shipped - Returning to Seller,Operational / Successful,2,2,923.0
2022-05,ANDHRA PRADESH,Amazon,Cancelled,Revenue At Risk,165,89,59634.0
2022-05,ANDHRA PRADESH,Amazon,Shipped,Operational / Successful,898,957,634849.0
2022-05,ANDHRA PRADESH,Merchant,Cancelled,Revenue At Risk,108,0,66685.92
2022-05,ANDHRA PRADESH,Merchant,Shipped - Delivered to Buyer,Operational / Successful,393,449,298717.0
2022-05,ANDHRA PRADESH,Merchant,Shipped - Returned to Seller,Operational / Successful,33,37,20879.0
2022-05,ANDHRA PRADESH,Merchant,Shipped - Returning to Seller,Operational / Successful,1,1,696.0
2022-05,AR,Amazon,Shipped,Operational / Successful,1,1,493.0
2022-05,ARUNACHAL PRADESH,Amazon,Cancelled,Revenue At Risk,3,2,1785.0
2022-05,ARUNACHAL PRADESH,Amazon,Shipped,Operational / Successful,22,24,18111.0
2022-05,ARUNACHAL PRADESH,Merchant,Cancelled,Revenue At Risk,3,0,707.62
2022-05,ARUNACHAL PRADESH,Merchant,Shipped - Delivered to Buyer,Operational / Successful,13,15,11131.0
2022-05,ARUNACHAL PRADESH,Merchant,Shipped - Picked Up,Operational / Successful,3,3,1056.0
2022-05,ARUNACHAL PRADESH,Merchant,Shipped - Returned to Seller,Operational / Successful,2,3,2021.0
2022-05,ASSAM,Amazon,Cancelled,Revenue At Risk,32,13,10460.0
2022-05,ASSAM,Amazon,Shipped,Operational / Successful,230,241,162295.0
2022-05,ASSAM,Merchant,Cancelled,Revenue At Risk,28,0,13337.11
2022-05,ASSAM,Merchant,Shipped - Delivered to Buyer,Operational / Successful,116,126,86894.0
2022-05,ASSAM,Merchant,Shipped - Returned to Seller,Operational / Successful,22,23,17221.0
2022-05,Arunachal Pradesh,Merchant,Cancelled,Revenue At Risk,1,0,700.0
2022-05,Arunachal pradesh,Amazon,Shipped,Operational / Successful,1,1,301.0
2022-05,Arunachal pradesh,Merchant,Shipped - Delivered to Buyer,Operational / Successful,1,1,301.0
2022-05,BIHAR,Amazon,Cancelled,Revenue At Risk,66,31,21788.0
2022-05,BIHAR,Amazon,Shipped,Operational / Successful,327,341,257056.0
2022-05,BIHAR,Merchant,Cancelled,Revenue At Risk,41,0,26474.65
2022-05,BIHAR,Merchant,Shipped - Delivered to Buyer,Operational / Successful,152,168,121404.0
2022-05,BIHAR,Merchant,Shipped - Returned to Seller,Operational / Successful,15,16,11422.0
2022-05,Bihar,Amazon,Shipped,Operational / Successful,4,4,3951.0
2022-05,Bihar,Merchant,Shipped - Delivered to Buyer,Operational / Successful,1,1,725.0
2022-05,CHANDIGARH,Amazon,Cancelled,Revenue At Risk,8,5,3824.0
2022-05,CHANDIGARH,Amazon,Shipped,Operational / Successful,54,58,41271.0
2022-05,CHANDIGARH,Merchant,Cancelled,Revenue At Risk,5,0,2019.05
2022-05,CHANDIGARH,Merchant,Shipped - Delivered to Buyer,Operational / Successful,33,37,24494.0
2022-05,CHANDIGARH,Merchant,Shipped - Returned to Seller,Operational / Successful,3,3,2135.0
2022-05,CHHATTISGARH,Amazon,Cancelled,Revenue At Risk,17,4,2592.0
2022-05,CHHATTISGARH,Amazon,Shipped,Operational / Successful,163,168,119426.0
2022-05,CHHATTISGARH,Merchant,Cancelled,Revenue At Risk,15,0,8243.18
2022-05,CHHATTISGARH,Merchant,Shipped - Delivered to Buyer,Operational / Successful,78,80,54421.0
2022-05,CHHATTISGARH,Merchant,Shipped - Returned to Seller,Operational / Successful,7,7,4965.0
2022-05,Chandigarh,Amazon,Shipped,Operational / Successful,3,3,2374.0
2022-05,Chandigarh,Merchant,Cancelled,Revenue At Risk,1,0,827.62
2022-05,DADRA AND NAGAR,Amazon,Cancelled,Revenue At Risk,2,0,0.0
2022-05,DADRA AND NAGAR,Amazon,Shipped,Operational / Successful,11,12,8463.0
2022-05,DADRA AND NAGAR,Merchant,Cancelled,Revenue At Risk,1,0,1070.54
2022-05,DADRA AND NAGAR,Merchant,Shipped - Delivered to Buyer,Operational / Successful,6,7,5038.0
2022-05,DADRA AND NAGAR,Merchant,Shipped - Returned to Seller,Operational / Successful,1,1,771.0
2022-05,DELHI,Amazon,Cancelled,Revenue At Risk,171,80,51354.0
2022-05,DELHI,Amazon,Pending,Operational / Successful,1,1,595.0
2022-05,DELHI,Amazon,Shipped,Operational / Successful,1290,1360,897834.0
2022-05,DELHI,Merchant,Cancelled,Revenue At Risk,91,0,44745.2
2022-05,DELHI,Merchant,Shipped - Delivered to Buyer,Operational / Successful,496,537,348680.0
2022-05,DELHI,Merchant,Shipped - Returned to Seller,Operational / Successful,32,34,24138.0
2022-05,Delhi,Amazon,Cancelled,Revenue At Risk,5,2,1100.0
2022-05,Delhi,Amazon,Shipped,Operational / Successful,31,32,19119.0
2022-05,Delhi,Merchant,Cancelled,Revenue At Risk,5,0,4522.39
2022-05,Delhi,Merchant,Shipped - Delivered to Buyer,Operational / Successful,13,14,7944.0
2022-05,GOA,Amazon,Cancelled,Revenue At Risk,29,15,9082.0
2022-05,GOA,Amazon,Shipped,Operational / Successful,196,202,118351.0
2022-05,GOA,Merchant,Cancelled,Revenue At Risk,16,0,4213.33
2022-05,GOA,Merchant,Shipped - Delivered to Buyer,Operational / Successful,88,94,55309.0
2022-05,GOA,Merchant,Shipped - Returned to Seller,Operational / Successful,2,2,1183.0
2022-05,Goa,Amazon,Shipped,Operational / Successful,4,4,2591.0
2022-05,Goa,Merchant,Cancelled,Revenue At Risk,1,0,0.0
2022-05,Goa,Merchant,Shipped - Delivered to Buyer,Operational / Successful,2,2,1578.0
2022-05,Gujarat,Amazon,Cancelled,Revenue At Risk,98,64,46762.0
2022-05,Gujarat,Amazon,Shipped,Operational / Successful,821,880,566541.0
2022-05,Gujarat,Merchant,Cancelled,Revenue At Risk,74,0,36477.5
2022-05,Gujarat,Merchant,Shipped - Delivered to Buyer,Operational / Successful,394,432,290789.0
2022-05,Gujarat,Merchant,Shipped - Returned to Seller,Operational / Successful,23,25,17298.0
2022-05,Gujarat,Merchant,Shipped - Returning to Seller,Operational / Successful,1,1,574.0
2022-05,HARYANA,Amazon,Cancelled,Revenue At Risk,93,55,35250.0
2022-05,HARYANA,Amazon,Shipped,Operational / Successful,891,947,651908.0
2022-05,HARYANA,Merchant,Cancelled,Revenue At Risk,54,0,27801.04
2022-05,HARYANA,Merchant,Shipped - Delivered to Buyer,Operational / Successful,335,369,253997.0
2022-05,HARYANA,Merchant,Shipped - Returned to Seller,Operational / Successful,23,34,23363.0
2022-05,HIMACHAL PRADESH,Amazon,Cancelled,Revenue At Risk,23,9,5822.0
2022-05,HIMACHAL PRADESH,Amazon,Shipped,Operational / Successful,118,124,86324.0
2022-05,HIMACHAL PRADESH,Merchant,Cancelled,Revenue At Risk,22,0,11053.82
2022-05,HIMACHAL PRADESH,Merchant,Shipped - Delivered to Buyer,Operational / Successful,52,56,42744.0
2022-05,HIMACHAL PRADESH,Merchant,Shipped - Returned to Seller,Operational / Successful,7,7,5456.0
2022-05,JAMMU & KASHMIR,Amazon,Cancelled,Revenue At Risk,17,6,5140.0
2022-05,JAMMU & KASHMIR,Amazon,Shipped,Operational / Successful,110,115,80823.0
2022-05,JAMMU & KASHMIR,Merchant,Cancelled,Revenue At Risk,14,0,8523.71
2022-05,JAMMU & KASHMIR,Merchant,Shipped - Delivered to Buyer,Operational / Successful,50,54,37750.0
2022-05,JAMMU & KASHMIR,Merchant,Shipped - Out for Delivery,Operational / Successful,1,1,680.0
2022-05,JAMMU & KASHMIR,Merchant,Shipped - Returned to Seller,Operational / Successful,5,6,4243.0
2022-05,JHARKHAND,Amazon,Cancelled,Revenue At Risk,39,20,13317.0
2022-05,JHARKHAND,Amazon,Shipped,Operational / Successful,277,299,200383.0
2022-05,JHARKHAND,Merchant,Cancelled,Revenue At Risk,33,0,13323.9
2022-05,JHARKHAND,Merchant,Shipped - Delivered to Buyer,Operational / Successful,88,96,70447.0
2022-05,JHARKHAND,Merchant,Shipped - Returned to Seller,Operational / Successful,16,18,13518.0
2022-05,KARNATAKA,Amazon,Cancelled,Revenue At Risk,438,245,162468.0
2022-05,KARNATAKA,Amazon,Shipped,Operational / Successful,3210,3413,2227296.0
2022-05,KARNATAKA,Merchant,Cancelled,Revenue At Risk,255,0,122846.07
2022-05,KARNATAKA,Merchant,Shipped - Delivered to Buyer,Operational / Successful,1175,1278,840222.0
2022-05,KARNATAKA,Merchant,Shipped - Lost in Transit,Operational / Successful,1,2,998.0
2022-05,KARNATAKA,Merchant,Shipped - Returned to Seller,Operational / Successful,57,61,39295.0
2022-05,KERALA,Amazon,Cancelled,Revenue At Risk,200,115,72445.0
2022-05,KERALA,Amazon,Shipped,Operational / Successful,995,1068,678795.0
2022-05,KERALA,Merchant,Cancelled,Revenue At Risk,123,0,60765.31
2022-05,KERALA,Merchant,Shipped - Delivered to Buyer,Operational / Successful,590,647,419288.0
2022-05,KERALA,Merchant,Shipped - Returned to Seller,Operational / Successful,30,31,18348.0
2022-05,KERALA,Merchant,Shipped - Returning to Seller,Operational / Successful,1,2,1542.0
2022-05,LADAKH,Amazon,Shipped,Operational / Successful,8,8,7965.0
2022-05,LADAKH,Merchant,Shipped - Delivered to Buyer,Operational / Successful,1,1,563.0
2022-05,LAKSHADWEEP,Merchant,Cancelled,Revenue At Risk,1,0,734.29
2022-05,LAKSHADWEEP,Merchant,Shipped - Delivered to Buyer,Operational / Successful,1,1,771.0
2022-05,MADHYA PRADESH,Amazon,Cancelled,Revenue At Risk,63,32,19260.0
2022-05,MADHYA PRADESH,Amazon,Shipped,Operational / Successful,464,492,337775.0
2022-05,MADHYA PRADESH,Merchant,Cancelled,Revenue At Risk,44,0,18020.5
2022-05,MADHYA PRADESH,Merchant,Shipped - Delivered to Buyer,Operational / Successful,195,215,158082.0
2022-05,MADHYA PRADESH,Merchant,Shipped - Returned to Seller,Operational / Successful,13,14,8631.0
2022-05,MAHARASHTRA,Amazon,Cancelled,Revenue At Risk,569,314,213512.0
2022-05,MAHARASHTRA,Amazon,Pending,Operational / Successful,1,2,1214.0
2022-05,MAHARASHTRA,Amazon,Shipped,Operational / Successful,4251,4501,2913563.0
2022-05,MAHARASHTRA,Merchant,Cancelled,Revenue At Risk,328,0,169755.9
2022-05,MAHARASHTRA,Merchant,Shipped - Delivered to Buyer,Operational / Successful,1637,1790,1161297.0
2022-05,MAHARASHTRA,Merchant,Shipped - Picked Up,Operational / Successful,1,1,635.0
2022-05,MAHARASHTRA,Merchant,Shipped - Returned to Seller,Operational / Successful,81,82,51649.0
2022-05,MAHARASHTRA,Merchant,Shipped - Returning to Seller,Operational / Successful,3,4,3346.0
2022-05,MANIPUR,Amazon,Cancelled,Revenue At Risk,7,6,3789.0
2022-05,MANIPUR,Amazon,Pending,Operational / Successful,2,2,1987.0
2022-05,MANIPUR,Amazon,Shipped,Operational / Successful,61,69,49274.0
2022-05,MANIPUR,Merchant,Cancelled,Revenue At Risk,3,0,1653.33
2022-05,MANIPUR,Merchant,Shipped - Delivered to Buyer,Operational / Successful,27,32,21588.0
2022-05,MANIPUR,Merchant,Shipped - Returned to Seller,Operational / Successful,1,1,434.0
2022-05,MEGHALAYA,Amazon,Cancelled,Revenue At Risk,5,4,1930.0
2022-05,MEGHALAYA,Amazon,Shipped,Operational / Successful,38,38,23230.0
2022-05,MEGHALAYA,Merchant,Cancelled,Revenue At Risk,3,0,1391.13
2022-05,MEGHALAYA,Merchant,Shipped - Delivered to Buyer,Operational / Successful,9,10,5471.0
2022-05,MEGHALAYA,Merchant,Shipped - Picked Up,Operational / Successful,1,1,1186.0
2022-05,MEGHALAYA,Merchant,Shipped - Returned to Seller,Operational / Successful,1,1,449.0
2022-05,MIZORAM,Amazon,Cancelled,Revenue At Risk,1,1,369.0
2022-05,MIZORAM,Amazon,Shipped,Operational / Successful,14,16,8429.0
2022-05,MIZORAM,Merchant,Shipped - Delivered to Buyer,Operational / Successful,4,4,2375.0
2022-05,MIZORAM,Merchant,Shipped - Returned to Seller,Operational / Successful,1,2,608.0
2022-05,NAGALAND,Amazon,Cancelled,Revenue At Risk,3,2,1481.0
2022-05,NAGALAND,Amazon,Shipped,Operational / Successful,31,39,32677.0
2022-05,NAGALAND,Merchant,Cancelled,Revenue At Risk,3,0,1165.71
2022-05,NAGALAND,Merchant,Shipped - Delivered to Buyer,Operational / Successful,14,15,9568.0
2022-05,NAGALAND,Merchant,Shipped - Returned to Seller,Operational / Successful,1,3,2571.0
2022-05,NAGALAND,Merchant,Shipped - Returning to Seller,Operational / Successful,1,5,4285.0
2022-05,Nagaland,Amazon,Shipped,Operational / Successful,1,1,664.0
2022-05,New Delhi,Amazon,Cancelled,Revenue At Risk,2,2,1075.0
2022-05,New Delhi,Amazon,Shipped,Operational / Successful,15,18,7795.0
2022-05,New Delhi,Merchant,Cancelled,Revenue At Risk,1,0,700.95
2022-05,New Delhi,Merchant,Shipped - Delivered to Buyer,Operational / Successful,7,7,3586.0
2022-05,ODISHA,Amazon,Cancelled,Revenue At Risk,62,28,21416.0
2022-05,ODISHA,Amazon,Shipped,Operational / Successful,345,361,249152.0
2022-05,ODISHA,Merchant,Cancelled,Revenue At Risk,28,0,18568.07
2022-05,ODISHA,Merchant,Shipped - Delivered to Buyer,Operational / Successful,140,152,105441.0
2022-05,ODISHA,Merchant,Shipped - Returned to Seller,Operational / Successful,15,16,13180.0
2022-05,Odisha,Amazon,Cancelled,Revenue At Risk,3,2,798.0
2022-05,Odisha,Amazon,Shipped,Operational / Successful,3,3,1622.0
2022-05,Odisha,Merchant,Cancelled,Revenue At Risk,1,0,462.86
2022-05,Odisha,Merchant,Shipped - Delivered to Buyer,Operational / Successful,1,1,382.0
2022-05,PUDUCHERRY,Amazon,Cancelled,Revenue At Risk,7,3,1730.0
2022-05,PUDUCHERRY,Amazon,Shipped,Operational / Successful,62,73,42034.0
2022-05,PUDUCHERRY,Merchant,Cancelled,Revenue At Risk,6,0,3387.63
2022-05,PUDUCHERRY,Merchant,Shipped - Delivered to Buyer,Operational / Successful,22,22,13218.0
2022-05,PUNJAB,Amazon,Cancelled,Revenue At Risk,42,19,13305.0
2022-05,PUNJAB,Amazon,Shipped,Operational / Successful,350,368,242102.0
2022-05,PUNJAB,Merchant,Cancelled,Revenue At Risk,40,0,17397.47
2022-05,PUNJAB,Merchant,Shipped - Delivered to Buyer,Operational / Successful,167,176,126926.0
2022-05,PUNJAB,Merchant,Shipped - Returned to Seller,Operational / Successful,8,9,5113.0
2022-05,Pondicherry,Amazon,Shipped,Operational / Successful,1,1,529.0
2022-05,Punjab,Amazon,Cancelled,Revenue At Risk,1,0,0.0
2022-05,Punjab,Amazon,Shipped,Operational / Successful,4,5,3065.0
2022-05,Punjab,Merchant,Cancelled,Revenue At Risk,1,0,0.0
2022-05,Punjab,Merchant,Shipped - Delivered to Buyer,Operational / Successful,5,5,2627.0
2022-05,RAJASTHAN,Amazon,Cancelled,Revenue At Risk,57,25,15001.0
2022-05,RAJASTHAN,Amazon,Shipped,Operational / Successful,451,491,355043.0
2022-05,RAJASTHAN,Merchant,Cancelled,Revenue At Risk,50,0,26887.88
2022-05,RAJASTHAN,Merchant,Shipped - Delivered to Buyer,Operational / Successful,227,248,179878.0
2022-05,RAJASTHAN,Merchant,Shipped - Lost in Transit,Operational / Successful,1,1,999.0
2022-05,RAJASTHAN,Merchant,Shipped - Returned to Seller,Operational / Successful,16,17,12235.0
2022-05,RJ,Merchant,Shipped - Delivered to Buyer,Operational / Successful,1,1,355.0
2022-05,Rajasthan,Amazon,Cancelled,Revenue At Risk,1,1,885.0
2022-05,Rajasthan,Amazon,Shipped,Operational / Successful,12,14,9961.0
2022-05,Rajasthan,Merchant,Cancelled,Revenue At Risk,1,0,651.43
2022-05,Rajasthan,Merchant,Shipped - Delivered to Buyer,Operational / Successful,5,5,3067.0
2022-05,SIKKIM,Amazon,Cancelled,Revenue At Risk,3,0,0.0
2022-05,SIKKIM,Amazon,Pending,Operational / Successful,1,1,999.0
2022-05,SIKKIM,Amazon,Shipped,Operational / Successful,32,33,25156.0
2022-05,SIKKIM,Merchant,Cancelled,Revenue At Risk,3,0,2701.13
2022-05,SIKKIM,Merchant,Shipped - Delivered to Buyer,Operational / Successful,13,13,11273.0
2022-05,SIKKIM,Merchant,Shipped - Returned to Seller,Operational / Successful,4,4,2790.0
2022-05,Sikkim,Merchant,Shipped - Delivered to Buyer,Operational / Successful,1,1,1186.0
2022-05,TAMIL NADU,Amazon,Cancelled,Revenue At Risk,280,141,90640.0
2022-05,TAMIL NADU,Amazon,Pending,Operational / Successful,1,1,626.0
2022-05,TAMIL NADU,Amazon,Shipped,Operational / Successful,2133,2357,1447576.0
2022-05,TAMIL NADU,Merchant,Cancelled,Revenue At Risk,206,0,118402.35
2022-05,TAMIL NADU,Merchant,Shipped - Delivered to Buyer,Operational / Successful,856,962,604976.0
2022-05,TAMIL NADU,Merchant,Shipped - Returned to Seller,Operational / Successful,55,58,35177.0
2022-05,TELANGANA,Amazon,Cancelled,Revenue At Risk,320,175,117229.0
2022-05,TELANGANA,Amazon,Shipped,Operational / Successful,2137,2305,1522604.0
2022-05,TELANGANA,Merchant,Cancelled,Revenue At Risk,165,0,89760.0
2022-05,TELANGANA,Merchant,Shipped - Delivered to Buyer,Operational / Successful,815,924,602486.0
2022-05,TELANGANA,Merchant,Shipped - Returned to Seller,Operational / Successful,51,56,35590.0
2022-05,TRIPURA,Amazon,Cancelled,Revenue At Risk,2,1,517.0
2022-05,TRIPURA,Amazon,Shipped,Operational / Successful,25,27,16858.0
2022-05,TRIPURA,Merchant,Cancelled,Revenue At Risk,3,0,1358.09
2022-05,TRIPURA,Merchant,Shipped - Delivered to Buyer,Operational / Successful,10,10,5324.0
2022-05,TRIPURA,Merchant,Shipped - Returned to Seller,Operational / Successful,1,1,771.0
2022-05,UTTAR PRADESH,Amazon,Cancelled,Revenue At Risk,326,149,105467.0
2022-05,UTTAR PRADESH,Amazon,Shipped,Operational / Successful,1985,2100,1477054.0
2022-05,UTTAR PRADESH,Merchant,Cancelled,Revenue At Risk,204,0,112360.28
2022-05,UTTAR PRADESH,Merchant,Shipped - Delivered to Buyer,Operational / Successful,813,859,601911.0
2022-05,UTTAR PRADESH,Merchant,Shipped - Returned to Seller,Operational / Successful,76,83,54328.0
2022-05,UTTARAKHAND,Amazon,Cancelled,Revenue At Risk,43,14,9132.0
2022-05,UTTARAKHAND,Amazon,Shipped,Operational / Successful,275,291,196336.0
2022-05,UTTARAKHAND,Merchant,Cancelled,Revenue At Risk,29,0,16345.37
2022-05,UTTARAKHAND,Merchant,Shipped - Delivered to Buyer,Operational / Successful,136,142,94686.0
2022-05,UTTARAKHAND,Merchant,Shipped - Returned to Seller,Operational / Successful,11,12,6214.0
2022-05,Unknown,Amazon,Cancelled,Revenue At Risk,1,0,0.0
2022-05,Unknown,Amazon,Shipped,Operational / Successful,5,6,3817.0
2022-05,Unknown,Merchant,Shipped - Delivered to Buyer,Operational / Successful,3,3,1834.0
2022-05,Unknown,Merchant,Shipped - Returned to Seller,Operational / Successful,2,2,975.0
2022-05,WEST BENGAL,Amazon,Cancelled,Revenue At Risk,157,65,44005.0
2022-05,WEST BENGAL,Amazon,Shipped,Operational / Successful,1106,1164,746128.0
2022-05,WEST BENGAL,Merchant,Cancelled,Revenue At Risk,96,0,46892.45
2022-05,WEST BENGAL,Merchant,Shipped - Delivered to Buyer,Operational / Successful,342,356,226921.0
2022-05,WEST BENGAL,Merchant,Shipped - Returned to Seller,Operational / Successful,41,41,27715.0
2022-05,bihar,Merchant,Shipped - Delivered to Buyer,Operational / Successful,1,1,1432.0
2022-05,delhi,Amazon,Shipped,Operational / Successful,1,2,2085.0
2022-05,delhi,Merchant,Shipped - Delivered to Buyer,Operational / Successful,1,1,709.0
2022-05,goa,Amazon,Shipped,Operational / Successful,3,3,1726.0
2022-05,punjab,Amazon,Cancelled,Revenue At Risk,1,0,0.0
2022-05,punjab,Amazon,Shipped,Operational / Successful,2,2,888.0
2022-05,punjab,Merchant,Shipped - Delivered to Buyer,Operational / Successful,2,2,1105.0
2022-06,ANDAMAN & NICOBAR ,Amazon,Cancelled,Revenue At Risk,2,0,0.0
2022-06,ANDAMAN & NICOBAR ,Amazon,Pending,Operational / Successful,2,2,1111.0
2022-06,ANDAMAN & NICOBAR ,Amazon,Shipped,Operational / Successful,49,53,34987.0
2022-06,ANDAMAN & NICOBAR ,Merchant,Cancelled,Revenue At Risk,7,0,4452.92
2022-06,ANDAMAN & NICOBAR ,Merchant,Pending - Waiting for Pick Up,Operational / Successful,3,3,2088.0
2022-06,ANDAMAN & NICOBAR ,Merchant,Shipped - Delivered to Buyer,Operational / Successful,7,7,4980.0
2022-06,ANDAMAN & NICOBAR ,Merchant,Shipped - Picked Up,Operational / Successful,11,11,7282.0
2022-06,ANDAMAN & NICOBAR ,Merchant,Shipped - Returning to Seller,Operational / Successful,2,2,1027.0
2022-06,ANDHRA PRADESH,Amazon,Cancelled,Revenue At Risk,143,77,49315.0
2022-06,ANDHRA PRADESH,Amazon,Pending,Operational / Successful,11,11,5968.0
2022-06,ANDHRA PRADESH,Amazon,Shipped,Operational / Successful,963,1062,650378.0
2022-06,ANDHRA PRADESH,Merchant,Cancelled,Revenue At Risk,105,0,51560.67
2022-06,ANDHRA PRADESH,Merchant,Pending,Operational / Successful,12,13,8854.0
2022-06,ANDHRA PRADESH,Merchant,Pending - Waiting for Pick Up,Operational / Successful,14,16,12098.0
2022-06,ANDHRA PRADESH,Merchant,Shipped - Delivered to Buyer,Operational / Successful,277,301,205848.0
2022-06,ANDHRA PRADESH,Merchant,Shipped - Out for Delivery,Operational / Successful,2,2,2786.0
2022-06,ANDHRA PRADESH,Merchant,Shipped - Picked Up,Operational / Successful,41,43,29913.0
2022-06,ANDHRA PRADESH,Merchant,Shipped - Rejected by Buyer,Operational / Successful,1,1,967.0
2022-06,ANDHRA PRADESH,Merchant,Shipped - Returned to Seller,Operational / Successful,21,21,13017.0
2022-06,ANDHRA PRADESH,Merchant,Shipped - Returning to Seller,Operational / Successful,7,8,5431.0
2022-06,ARUNACHAL PRADESH,Amazon,Cancelled,Revenue At Risk,2,2,1738.0
2022-06,ARUNACHAL PRADESH,Amazon,Pending,Operational / Successful,1,1,487.0
2022-06,ARUNACHAL PRADESH,Amazon,Shipped,Operational / Successful,20,22,16244.0
2022-06,ARUNACHAL PRADESH,Merchant,Pending - Waiting for Pick Up,Operational / Successful,1,1,1399.0
2022-06,ARUNACHAL PRADESH,Merchant,Shipped - Delivered to Buyer,Operational / Successful,7,7,4668.0
2022-06,ARUNACHAL PRADESH,Merchant,Shipped - Picked Up,Operational / Successful,5,5,3851.0
2022-06,ASSAM,Amazon,Cancelled,Revenue At Risk,43,26,18936.0
2022-06,ASSAM,Amazon,Pending,Operational / Successful,5,5,3381.0
2022-06,ASSAM,Amazon,Shipped,Operational / Successful,252,261,165078.0
2022-06,ASSAM,Merchant,Cancelled,Revenue At Risk,26,0,10283.21
2022-06,ASSAM,Merchant,Pending,Operational / Successful,4,4,3888.0
2022-06,ASSAM,Merchant,Pending - Waiting for Pick Up,Operational / Successful,12,12,7366.0
2022-06,ASSAM,Merchant,Shipped - Delivered to Buyer,Operational / Successful,72,76,56612.0
2022-06,ASSAM,Merchant,Shipped - Picked Up,Operational / Successful,26,27,17623.0
2022-06,ASSAM,Merchant,Shipped - Returned to Seller,Operational / Successful,7,7,6457.0
2022-06,ASSAM,Merchant,Shipped - Returning to Seller,Operational / Successful,7,7,4734.0
2022-06,BIHAR,Amazon,Cancelled,Revenue At Risk,48,19,12627.0
2022-06,BIHAR,Amazon,Pending,Operational / Successful,4,4,1916.0
2022-06,BIHAR,Amazon,Shipped,Operational / Successful,323,343,247241.0
2022-06,BIHAR,Merchant,Cancelled,Revenue At Risk,19,0,10088.56
2022-06,BIHAR,Merchant,Pending,Operational / Successful,8,9,5369.0
2022-06,BIHAR,Merchant,Pending - Waiting for Pick Up,Operational / Successful,5,6,3978.0
2022-06,BIHAR,Merchant,Shipped - Delivered to Buyer,Operational / Successful,96,100,75739.0
2022-06,BIHAR,Merchant,Shipped - Out for Delivery,Operational / Successful,1,1,852.0
2022-06,BIHAR,Merchant,Shipped - Picked Up,Operational / Successful,29,30,21677.0
2022-06,BIHAR,Merchant,Shipped - Returned to Seller,Operational / Successful,9,9,5818.0
2022-06,BIHAR,Merchant,Shipped - Returning to Seller,Operational / Successful,7,8,5554.0
2022-06,Bihar,Amazon,Pending,Operational / Successful,1,1,882.0
2022-06,Bihar,Amazon,Shipped,Operational / Successful,4,4,2645.0
2022-06,Bihar,Merchant,Shipped - Delivered to Buyer,Operational / Successful,1,1,664.0
2022-06,CHANDIGARH,Amazon,Cancelled,Revenue At Risk,6,1,491.0
2022-06,CHANDIGARH,Amazon,Pending,Operational / Successful,1,1,573.0
2022-06,CHANDIGARH,Amazon,Shipped,Operational / Successful,58,58,37704.0
2022-06,CHANDIGARH,Merchant,Cancelled,Revenue At Risk,7,0,3666.67
2022-06,CHANDIGARH,Merchant,Pending,Operational / Successful,2,2,894.0
2022-06,CHANDIGARH,Merchant,Shipped - Delivered to Buyer,Operational / Successful,17,17,10555.0
2022-06,CHANDIGARH,Merchant,Shipped - Picked Up,Operational / Successful,2,2,1435.0
2022-06,CHANDIGARH,Merchant,Shipped - Returning to Seller,Operational / Successful,2,2,1616.0
2022-06,CHHATTISGARH,Amazon,Cancelled,Revenue At Risk,28,16,11148.0
2022-06,CHHATTISGARH,Amazon,Pending,Operational / Successful,2,2,1670.0
2022-06,CHHATTISGARH,Amazon,Shipped,Operational / Successful,138,143,88619.0
2022-06,CHHATTISGARH,Merchant,Cancelled,Revenue At Risk,16,0,8473.0
2022-06,CHHATTISGARH,Merchant,Pending,Operational / Successful,1,1,799.0
2022-06,CHHATTISGARH,Merchant,Pending - Waiting for Pick Up,Operational / Successful,4,5,3271.0
2022-06,CHHATTISGARH,Merchant,Shipped - Delivered to Buyer,Operational / Successful,48,49,33440.0
2022-06,CHHATTISGARH,Merchant,Shipped - Picked Up,Operational / Successful,8,8,5540.0
2022-06,Chandigarh,Amazon,Shipped,Operational / Successful,1,1,510.0
2022-06,Chandigarh,Merchant,Shipped - Delivered to Buyer,Operational / Successful,2,2,1738.0
2022-06,DADRA AND NAGAR,Amazon,Shipped,Operational / Successful,9,11,7637.0
2022-06,DADRA AND NAGAR,Merchant,Cancelled,Revenue At Risk,3,0,870.48
2022-06,DADRA AND NAGAR,Merchant,Shipped - Delivered to Buyer,Operational / Successful,2,2,1518.0
2022-06,DELHI,Amazon,Cancelled,Revenue At Risk,172,82,60092.0
2022-06,DELHI,Amazon,Pending,Operational / Successful,19,21,14051.0
2022-06,DELHI,Amazon,Shipped,Operational / Successful,1173,1230,839383.0
2022-06,DELHI,Merchant,Cancelled,Revenue At Risk,86,0,39987.47
2022-06,DELHI,Merchant,Pending,Operational / Successful,8,8,6082.0
2022-06,DELHI,Merchant,Pending - Waiting for Pick Up,Operational / Successful,13,14,9983.0
2022-06,DELHI,Merchant,Shipped - Delivered to Buyer,Operational / Successful,277,298,208072.0
2022-06,DELHI,Merchant,Shipped - Picked Up,Operational / Successful,43,46,33402.0
2022-06,DELHI,Merchant,Shipped - Returned to Seller,Operational / Successful,17,17,12062.0
2022-06,DELHI,Merchant,Shipped - Returning to Seller,Operational / Successful,5,6,3101.0
2022-06,Delhi,Amazon,Cancelled,Revenue At Risk,2,1,1338.0
2022-06,Delhi,Amazon,Pending,Operational / Successful,1,1,457.0
2022-06,Delhi,Amazon,Shipped,Operational / Successful,37,40,25608.0
2022-06,Delhi,Merchant,Cancelled,Revenue At Risk,1,0,570.48
2022-06,Delhi,Merchant,Shipped - Delivered to Buyer,Operational / Successful,7,8,3946.0
2022-06,GOA,Amazon,Cancelled,Revenue At Risk,20,11,5761.0
2022-06,GOA,Amazon,Pending,Operational / Successful,4,5,2204.0
2022-06,GOA,Amazon,Shipped,Operational / Successful,188,198,114689.0
2022-06,GOA,Merchant,Cancelled,Revenue At Risk,5,0,3128.7
2022-06,GOA,Merchant,Pending - Waiting for Pick Up,Operational / Successful,4,4,1602.0
2022-06,GOA,Merchant,Shipped - Delivered to Buyer,Operational / Successful,55,56,37533.0
2022-06,GOA,Merchant,Shipped - Out for Delivery,Operational / Successful,1,1,725.0
2022-06,GOA,Merchant,Shipped - Picked Up,Operational / Successful,10,10,5608.0
2022-06,GOA,Merchant,Shipped - Returned to Seller,Operational / Successful,2,2,1298.0
2022-06,Goa,Amazon,Shipped,Operational / Successful,5,5,2181.0
2022-06,Goa,Merchant,Shipped - Delivered to Buyer,Operational / Successful,2,2,1214.0
2022-06,Gujarat,Amazon,Cancelled,Revenue At Risk,107,69,43405.0
2022-06,Gujarat,Amazon,Pending,Operational / Successful,10,14,11615.0
2022-06,Gujarat,Amazon,Shipped,Operational / Successful,703,760,490821.0
2022-06,Gujarat,Amazon,Shipping,Operational / Successful,8,8,0.0
2022-06,Gujarat,Merchant,Cancelled,Revenue At Risk,54,0,29822.84
2022-06,Gujarat,Merchant,Pending,Operational / Successful,7,7,4870.0
2022-06,Gujarat,Merchant,Pending - Waiting for Pick Up,Operational / Successful,9,10,7773.0
2022-06,Gujarat,Merchant,Shipped - Delivered to Buyer,Operational / Successful,219,230,154683.0
2022-06,Gujarat,Merchant,Shipped - Picked Up,Operational / Successful,19,19,13639.0
2022-06,Gujarat,Merchant,Shipped - Returned to Seller,Operational / Successful,5,5,2766.0
2022-06,Gujarat,Merchant,Shipped - Returning to Seller,Operational / Successful,2,2,2142.0
2022-06,HARYANA,Amazon,Cancelled,Revenue At Risk,109,70,51118.0
2022-06,HARYANA,Amazon,Pending,Operational / Successful,9,10,5684.0
2022-06,HARYANA,Amazon,Shipped,Operational / Successful,796,841,601327.0
2022-06,HARYANA,Merchant,Cancelled,Revenue At Risk,37,0,16750.24
2022-06,HARYANA,Merchant,Pending,Operational / Successful,7,7,3943.0
2022-06,HARYANA,Merchant,Pending - Waiting for Pick Up,Operational / Successful,6,6,4385.0
2022-06,HARYANA,Merchant,Shipped - Delivered to Buyer,Operational / Successful,170,176,127078.0
2022-06,HARYANA,Merchant,Shipped - Out for Delivery,Operational / Successful,1,1,486.0
2022-06,HARYANA,Merchant,Shipped - Picked Up,Operational / Successful,39,41,27758.0
2022-06,HARYANA,Merchant,Shipped - Returned to Seller,Operational / Successful,13,13,8661.0
2022-06,HARYANA,Merchant,Shipped - Returning to Seller,Operational / Successful,2,2,1147.0
2022-06,HIMACHAL PRADESH,Amazon,Cancelled,Revenue At Risk,34,15,12108.0
2022-06,HIMACHAL PRADESH,Amazon,Shipped,Operational / Successful,115,120,87892.0
2022-06,HIMACHAL PRADESH,Merchant,Cancelled,Revenue At Risk,22,0,9466.15
2022-06,HIMACHAL PRADESH,Merchant,Pending - Waiting for Pick Up,Operational / Successful,3,3,1912.0
2022-06,HIMACHAL PRADESH,Merchant,Shipped - Delivered to Buyer,Operational / Successful,41,43,32698.0
2022-06,HIMACHAL PRADESH,Merchant,Shipped - Picked Up,Operational / Successful,9,9,6868.0
2022-06,HIMACHAL PRADESH,Merchant,Shipped - Returned to Seller,Operational / Successful,1,1,967.0
2022-06,HIMACHAL PRADESH,Merchant,Shipped - Returning to Seller,Operational / Successful,1,1,1199.0
2022-06,JAMMU & KASHMIR,Amazon,Cancelled,Revenue At Risk,17,4,2742.0
2022-06,JAMMU & KASHMIR,Amazon,Pending,Operational / Successful,3,3,2090.0
2022-06,JAMMU & KASHMIR,Amazon,Shipped,Operational / Successful,115,127,92153.0
2022-06,JAMMU & KASHMIR,Merchant,Cancelled,Revenue At Risk,12,0,5543.81
2022-06,JAMMU & KASHMIR,Merchant,Pending,Operational / Successful,2,3,2077.0
2022-06,JAMMU & KASHMIR,Merchant,Pending - Waiting for Pick Up,Operational / Successful,3,3,1000.0
2022-06,JAMMU & KASHMIR,Merchant,Shipped - Delivered to Buyer,Operational / Successful,44,46,32642.0
2022-06,JAMMU & KASHMIR,Merchant,Shipped - Picked Up,Operational / Successful,6,6,4210.0
2022-06,JAMMU & KASHMIR,Merchant,Shipped - Returned to Seller,Operational / Successful,2,3,2406.0
2022-06,JHARKHAND,Amazon,Cancelled,Revenue At Risk,31,12,7399.0
2022-06,JHARKHAND,Amazon,Pending,Operational / Successful,4,6,4087.0
2022-06,JHARKHAND,Amazon,Shipped,Operational / Successful,192,202,138384.0
2022-06,JHARKHAND,Merchant,Cancelled,Revenue At Risk,15,0,8312.32
2022-06,JHARKHAND,Merchant,Pending,Operational / Successful,3,3,1932.0
2022-06,JHARKHAND,Merchant,Pending - Waiting for Pick Up,Operational / Successful,2,2,1753.0
2022-06,JHARKHAND,Merchant,Shipped - Delivered to Buyer,Operational / Successful,56,61,39776.0
2022-06,JHARKHAND,Merchant,Shipped - Out for Delivery,Operational / Successful,1,1,792.0
2022-06,JHARKHAND,Merchant,Shipped - Picked Up,Operational / Successful,13,13,9091.0
2022-06,JHARKHAND,Merchant,Shipped - Returned to Seller,Operational / Successful,2,2,1218.0
2022-06,JHARKHAND,Merchant,Shipped - Returning to Seller,Operational / Successful,1,1,718.0
2022-06,KARNATAKA,Amazon,Cancelled,Revenue At Risk,410,235,150453.0
2022-06,KARNATAKA,Amazon,Pending,Operational / Successful,48,52,35481.0
2022-06,KARNATAKA,Amazon,Shipped,Operational / Successful,3283,3543,2322971.0
2022-06,KARNATAKA,Merchant,Cancelled,Revenue At Risk,186,0,84656.32
2022-06,KARNATAKA,Merchant,Pending,Operational / Successful,23,25,18596.0
2022-06,KARNATAKA,Merchant,Pending - Waiting for Pick Up,Operational / Successful,46,49,32513.0
2022-06,KARNATAKA,Merchant,Shipped - Delivered to Buyer,Operational / Successful,816,879,570972.0
2022-06,KARNATAKA,Merchant,Shipped - Out for Delivery,Operational / Successful,4,4,2967.0
2022-06,KARNATAKA,Merchant,Shipped - Picked Up,Operational / Successful,90,94,58712.0
2022-06,KARNATAKA,Merchant,Shipped - Returned to Seller,Operational / Successful,38,41,25427.0
2022-06,KARNATAKA,Merchant,Shipped - Returning to Seller,Operational / Successful,11,14,7879.0
2022-06,KERALA,Amazon,Cancelled,Revenue At Risk,205,129,79156.0
2022-06,KERALA,Amazon,Pending,Operational / Successful,18,19,10940.0
2022-06,KERALA,Amazon,Shipped,Operational / Successful,1018,1121,694408.0
2022-06,KERALA,Merchant,Cancelled,Revenue At Risk,125,0,67098.01
2022-06,KERALA,Merchant,Pending,Operational / Successful,9,9,4976.0
2022-06,KERALA,Merchant,Pending - Waiting for Pick Up,Operational / Successful,13,14,10234.0
2022-06,KERALA,Merchant,Shipped - Delivered to Buyer,Operational / Successful,370,397,261958.0
2022-06,KERALA,Merchant,Shipped - Out for Delivery,Operational / Successful,1,1,725.0
2022-06,KERALA,Merchant,Shipped - Picked Up,Operational / Successful,64,69,45360.0
2022-06,KERALA,Merchant,Shipped - Returned to Seller,Operational / Successful,13,13,9439.0
2022-06,KERALA,Merchant,Shipped - Returning to Seller,Operational / Successful,3,3,1684.0
2022-06,LADAKH,Amazon,Cancelled,Revenue At Risk,3,2,1527.0
2022-06,LADAKH,Amazon,Pending,Operational / Successful,1,1,1556.0
2022-06,LADAKH,Amazon,Shipped,Operational / Successful,8,9,7823.0
2022-06,LADAKH,Merchant,Cancelled,Revenue At Risk,2,0,1651.43
2022-06,LADAKH,Merchant,Shipped - Delivered to Buyer,Operational / Successful,1,1,1442.0
2022-06,LADAKH,Merchant,Shipped - Picked Up,Operational / Successful,1,1,1442.0
2022-06,LADAKH,Merchant,Shipped - Returned to Seller,Operational / Successful,1,1,486.0
2022-06,LAKSHADWEEP,Amazon,Shipped,Operational / Successful,1,1,845.0
2022-06,MADHYA PRADESH,Amazon,Cancelled,Revenue At Risk,72,35,24301.0
2022-06,MADHYA PRADESH,Amazon,Pending,Operational / Successful,2,2,1375.0
2022-06,MADHYA PRADESH,Amazon,Shipped,Operational / Successful,408,435,293069.0
2022-06,MADHYA PRADESH,Merchant,Cancelled,Revenue At Risk,43,0,19920.19
2022-06,MADHYA PRADESH,Merchant,Pending,Operational / Successful,5,6,3908.0
2022-06,MADHYA PRADESH,Merchant,Pending - Waiting for Pick Up,Operational / Successful,2,2,1036.0
2022-06,MADHYA PRADESH,Merchant,Shipped - Delivered to Buyer,Operational / Successful,151,159,112716.0
2022-06,MADHYA PRADESH,Merchant,Shipped - Out for Delivery,Operational / Successful,1,1,735.0
2022-06,MADHYA PRADESH,Merchant,Shipped - Picked Up,Operational / Successful,11,12,7424.0
2022-06,MADHYA PRADESH,Merchant,Shipped - Returned to Seller,Operational / Successful,9,10,6489.0
2022-06,MADHYA PRADESH,Merchant,Shipped - Returning to Seller,Operational / Successful,1,1,692.0
2022-06,MAHARASHTRA,Amazon,Cancelled,Revenue At Risk,578,335,207672.0
2022-06,MAHARASHTRA,Amazon,Pending,Operational / Successful,70,86,50189.0
2022-06,MAHARASHTRA,Amazon,Shipped,Operational / Successful,3806,4111,2625578.0
2022-06,MAHARASHTRA,Merchant,Cancelled,Revenue At Risk,243,0,116462.39
2022-06,MAHARASHTRA,Merchant,Pending,Operational / Successful,40,44,26089.0
2022-06,MAHARASHTRA,Merchant,Pending - Waiting for Pick Up,Operational / Successful,35,36,21953.0
2022-06,MAHARASHTRA,Merchant,Shipped - Delivered to Buyer,Operational / Successful,1027,1089,712425.0
2022-06,MAHARASHTRA,Merchant,Shipped - Out for Delivery,Operational / Successful,4,5,3248.0
2022-06,MAHARASHTRA,Merchant,Shipped - Picked Up,Operational / Successful,99,107,72917.0
2022-06,MAHARASHTRA,Merchant,Shipped - Rejected by Buyer,Operational / Successful,1,1,518.0
2022-06,MAHARASHTRA,Merchant,Shipped - Returned to Seller,Operational / Successful,57,59,36489.0
2022-06,MAHARASHTRA,Merchant,Shipped - Returning to Seller,Operational / Successful,11,14,11113.0
2022-06,MANIPUR,Amazon,Cancelled,Revenue At Risk,2,1,582.0
2022-06,MANIPUR,Amazon,Shipped,Operational / Successful,31,36,25604.0
2022-06,MANIPUR,Merchant,Cancelled,Revenue At Risk,1,0,0.0
2022-06,MANIPUR,Merchant,Pending - Waiting for Pick Up,Operational / Successful,1,1,899.0
2022-06,MANIPUR,Merchant,Shipped - Delivered to Buyer,Operational / Successful,10,10,6680.0
2022-06,MANIPUR,Merchant,Shipped - Picked Up,Operational / Successful,11,11,9189.0
2022-06,MANIPUR,Merchant,Shipped - Returned to Seller,Operational / Successful,1,1,1399.0
2022-06,MEGHALAYA,Amazon,Cancelled,Revenue At Risk,7,5,3653.0
2022-06,MEGHALAYA,Amazon,Pending,Operational / Successful,2,3,2169.0
2022-06,MEGHALAYA,Amazon,Shipped,Operational / Successful,26,31,18775.0
2022-06,MEGHALAYA,Merchant,Cancelled,Revenue At Risk,8,0,5477.15
2022-06,MEGHALAYA,Merchant,Pending,Operational / Successful,1,1,699.0
2022-06,MEGHALAYA,Merchant,Shipped - Delivered to Buyer,Operational / Successful,9,9,5961.0
2022-06,MEGHALAYA,Merchant,Shipped - Picked Up,Operational / Successful,2,2,1221.0
2022-06,MIZORAM,Amazon,Cancelled,Revenue At Risk,2,2,1480.0
2022-06,MIZORAM,Amazon,Pending,Operational / Successful,3,4,2245.0
2022-06,MIZORAM,Amazon,Shipped,Operational / Successful,7,7,4769.0
2022-06,MIZORAM,Merchant,Cancelled,Revenue At Risk,5,0,3065.71
2022-06,MIZORAM,Merchant,Pending,Operational / Successful,1,1,518.0
2022-06,MIZORAM,Merchant,Shipped - Picked Up,Operational / Successful,7,7,3843.0
2022-06,MIZORAM,Merchant,Shipped - Returning to Seller,Operational / Successful,1,1,771.0
2022-06,Manipur,Amazon,Shipped,Operational / Successful,1,1,436.0
2022-06,Meghalaya,Amazon,Cancelled,Revenue At Risk,1,0,0.0
2022-06,Meghalaya,Merchant,Cancelled,Revenue At Risk,2,0,921.91
2022-06,Mizoram,Merchant,Shipped - Picked Up,Operational / Successful,1,1,735.0
2022-06,NAGALAND,Amazon,Cancelled,Revenue At Risk,2,3,1683.0
2022-06,NAGALAND,Amazon,Pending,Operational / Successful,1,1,741.0
2022-06,NAGALAND,Amazon,Shipped,Operational / Successful,36,42,34392.0
2022-06,NAGALAND,Merchant,Cancelled,Revenue At Risk,5,0,2283.81
2022-06,NAGALAND,Merchant,Pending - Waiting for Pick Up,Operational / Successful,2,2,1024.0
2022-06,NAGALAND,Merchant,Shipped - Delivered to Buyer,Operational / Successful,14,18,12476.0
2022-06,NAGALAND,Merchant,Shipped - Out for Delivery,Operational / Successful,2,2,742.0
2022-06,NAGALAND,Merchant,Shipped - Picked Up,Operational / Successful,3,4,3525.0
2022-06,NAGALAND,Merchant,Shipped - Returned to Seller,Operational / Successful,1,1,1174.0
2022-06,NAGALAND,Merchant,Shipped - Returning to Seller,Operational / Successful,1,1,939.0
2022-06,NL,Amazon,Shipped,Operational / Successful,1,1,443.0
2022-06,New Delhi,Amazon,Cancelled,Revenue At Risk,4,1,416.0
2022-06,New Delhi,Amazon,Shipped,Operational / Successful,12,12,8553.0
2022-06,New Delhi,Merchant,Shipped - Delivered to Buyer,Operational / Successful,3,3,1586.0
2022-06,ODISHA,Amazon,Cancelled,Revenue At Risk,74,44,33054.0
2022-06,ODISHA,Amazon,Pending,Operational / Successful,15,15,11149.0
2022-06,ODISHA,Amazon,Shipped,Operational / Successful,375,393,278023.0
2022-06,ODISHA,Merchant,Cancelled,Revenue At Risk,30,0,18057.33
2022-06,ODISHA,Merchant,Pending,Operational / Successful,2,2,1113.0
2022-06,ODISHA,Merchant,Pending - Waiting for Pick Up,Operational / Successful,3,3,2506.0
2022-06,ODISHA,Merchant,Shipped - Delivered to Buyer,Operational / Successful,84,91,66344.0
2022-06,ODISHA,Merchant,Shipped - Out for Delivery,Operational / Successful,1,1,831.0
2022-06,ODISHA,Merchant,Shipped - Picked Up,Operational / Successful,23,25,18963.0
2022-06,ODISHA,Merchant,Shipped - Returned to Seller,Operational / Successful,11,11,8465.0
2022-06,ODISHA,Merchant,Shipped - Returning to Seller,Operational / Successful,5,5,3457.0
2022-06,Odisha,Amazon,Shipped,Operational / Successful,4,4,2362.0
2022-06,Odisha,Merchant,Shipped - Picked Up,Operational / Successful,1,1,725.0
2022-06,Orissa,Amazon,Shipped,Operational / Successful,1,1,376.0
2022-06,Orissa,Merchant,Shipped - Delivered to Buyer,Operational / Successful,1,1,764.0
2022-06,PUDUCHERRY,Amazon,Cancelled,Revenue At Risk,8,4,3081.0
2022-06,PUDUCHERRY,Amazon,Pending,Operational / Successful,2,3,1482.0
2022-06,PUDUCHERRY,Amazon,Shipped,Operational / Successful,60,68,44138.0
2022-06,PUDUCHERRY,Merchant,Cancelled,Revenue At Risk,6,0,2440.95
2022-06,PUDUCHERRY,Merchant,Pending,Operational / Successful,2,9,3330.0
2022-06,PUDUCHERRY,Merchant,Shipped - Delivered to Buyer,Operational / Successful,18,22,15381.0
2022-06,PUDUCHERRY,Merchant,Shipped - Returned to Seller,Operational / Successful,1,1,899.0
2022-06,PUNJAB,Amazon,Cancelled,Revenue At Risk,47,18,15507.0
2022-06,PUNJAB,Amazon,Pending,Operational / Successful,5,5,2424.0
2022-06,PUNJAB,Amazon,Shipped,Operational / Successful,303,328,216984.0
2022-06,PUNJAB,Merchant,Cancelled,Revenue At Risk,21,0,9447.22
2022-06,PUNJAB,Merchant,Pending - Waiting for Pick Up,Operational / Successful,4,4,2208.0
2022-06,PUNJAB,Merchant,Shipped - Delivered to Buyer,Operational / Successful,83,87,60004.0
2022-06,PUNJAB,Merchant,Shipped - Picked Up,Operational / Successful,14,16,10979.0
2022-06,PUNJAB,Merchant,Shipped - Returned to Seller,Operational / Successful,5,5,3853.0
2022-06,Punjab,Amazon,Cancelled,Revenue At Risk,1,0,0.0
2022-06,Punjab,Amazon,Pending,Operational / Successful,1,1,792.0
2022-06,Punjab,Amazon,Shipped,Operational / Successful,5,6,5638.0
2022-06,Punjab,Merchant,Pending - Waiting for Pick Up,Operational / Successful,1,1,845.0
2022-06,Punjab,Merchant,Shipped - Delivered to Buyer,Operational / Successful,1,1,735.0
2022-06,RAJASTHAN,Amazon,Cancelled,Revenue At Risk,65,30,24675.0
2022-06,RAJASTHAN,Amazon,Pending,Operational / Successful,5,5,3164.0
2022-06,RAJASTHAN,Amazon,Shipped,Operational / Successful,420,448,305607.0
2022-06,RAJASTHAN,Merchant,Cancelled,Revenue At Risk,31,0,17099.19
2022-06,RAJASTHAN,Merchant,Pending,Operational / Successful,3,3,2160.0
2022-06,RAJASTHAN,Merchant,Pending - Waiting for Pick Up,Operational / Successful,4,4,3223.0
2022-06,RAJASTHAN,Merchant,Shipped - Delivered to Buyer,Operational / Successful,138,145,109775.0
2022-06,RAJASTHAN,Merchant,Shipped - Picked Up,Operational / Successful,17,17,12057.0
2022-06,RAJASTHAN,Merchant,Shipped - Rejected by Buyer,Operational / Successful,1,1,790.0
2022-06,RAJASTHAN,Merchant,Shipped - Returned to Seller,Operational / Successful,7,8,6615.0
2022-06,Rajasthan,Amazon,Shipped,Operational / Successful,8,9,7150.0
2022-06,Rajasthan,Merchant,Cancelled,Revenue At Risk,1,0,473.33
2022-06,Rajasthan,Merchant,Shipped - Delivered to Buyer,Operational / Successful,3,4,2340.0
2022-06,Rajsthan,Amazon,Shipped,Operational / Successful,1,1,443.0
2022-06,SIKKIM,Amazon,Cancelled,Revenue At Risk,12,6,4855.0
2022-06,SIKKIM,Amazon,Pending,Operational / Successful,1,1,1398.0
2022-06,SIKKIM,Amazon,Shipped,Operational / Successful,43,44,30558.0
2022-06,SIKKIM,Merchant,Cancelled,Revenue At Risk,4,0,700.0
2022-06,SIKKIM,Merchant,Shipped - Delivered to Buyer,Operational / Successful,7,7,5492.0
2022-06,SIKKIM,Merchant,Shipped - Picked Up,Operational / Successful,3,3,2386.0
2022-06,Sikkim,Amazon,Shipped,Operational / Successful,2,2,1517.0
2022-06,TAMIL NADU,Amazon,Cancelled,Revenue At Risk,280,147,92561.0
2022-06,TAMIL NADU,Amazon,Pending,Operational / Successful,30,34,19582.0
2022-06,TAMIL NADU,Amazon,Shipped,Operational / Successful,2126,2343,1420757.0
2022-06,TAMIL NADU,Merchant,Cancelled,Revenue At Risk,131,0,79262.17
2022-06,TAMIL NADU,Merchant,Pending,Operational / Successful,19,21,11565.0
2022-06,TAMIL NADU,Merchant,Pending - Waiting for Pick Up,Operational / Successful,22,23,16788.0
2022-06,TAMIL NADU,Merchant,Shipped - Damaged,Operational / Successful,1,1,1136.0
2022-06,TAMIL NADU,Merchant,Shipped - Delivered to Buyer,Operational / Successful,506,535,336404.0
2022-06,TAMIL NADU,Merchant,Shipped - Out for Delivery,Operational / Successful,3,4,2158.0
2022-06,TAMIL NADU,Merchant,Shipped - Picked Up,Operational / Successful,77,84,50418.0
2022-06,TAMIL NADU,Merchant,Shipped - Rejected by Buyer,Operational / Successful,1,1,725.0
2022-06,TAMIL NADU,Merchant,Shipped - Returned to Seller,Operational / Successful,25,27,18433.0
2022-06,TAMIL NADU,Merchant,Shipped - Returning to Seller,Operational / Successful,11,13,7677.0
2022-06,TELANGANA,Amazon,Cancelled,Revenue At Risk,311,171,123746.0
2022-06,TELANGANA,Amazon,Pending,Operational / Successful,23,29,22782.0
2022-06,TELANGANA,Amazon,Shipped,Operational / Successful,2141,2328,1529960.0
2022-06,TELANGANA,Merchant,Cancelled,Revenue At Risk,146,0,70081.16
2022-06,TELANGANA,Merchant,Pending,Operational / Successful,23,24,17047.0
2022-06,TELANGANA,Merchant,Pending - Waiting for Pick Up,Operational / Successful,22,29,20905.0
2022-06,TELANGANA,Merchant,Shipped - Delivered to Buyer,Operational / Successful,489,534,369163.0
2022-06,TELANGANA,Merchant,Shipped - Out for Delivery,Operational / Successful,3,4,3340.0
2022-06,TELANGANA,Merchant,Shipped - Picked Up,Operational / Successful,71,83,62147.0
2022-06,TELANGANA,Merchant,Shipped - Returned to Seller,Operational / Successful,36,39,26995.0
2022-06,TELANGANA,Merchant,Shipped - Returning to Seller,Operational / Successful,7,8,5804.0
2022-06,TRIPURA,Amazon,Cancelled,Revenue At Risk,3,1,422.0
2022-06,TRIPURA,Amazon,Pending,Operational / Successful,1,1,1329.0
2022-06,TRIPURA,Amazon,Shipped,Operational / Successful,20,20,13629.0
2022-06,TRIPURA,Merchant,Cancelled,Revenue At Risk,4,0,3916.07
2022-06,TRIPURA,Merchant,Shipped - Delivered to Buyer,Operational / Successful,4,5,4605.0
2022-06,TRIPURA,Merchant,Shipped - Picked Up,Operational / Successful,2,2,1898.0
2022-06,TRIPURA,Merchant,Shipped - Returning to Seller,Operational / Successful,2,2,1798.0
2022-06,UTTAR PRADESH,Amazon,Cancelled,Revenue At Risk,256,129,93981.0
2022-06,UTTAR PRADESH,Amazon,Pending,Operational / Successful,28,29,19865.0
2022-06,UTTAR PRADESH,Amazon,Shipped,Operational / Successful,1628,1734,1181810.0
2022-06,UTTAR PRADESH,Merchant,Cancelled,Revenue At Risk,148,0,74543.69
2022-06,UTTAR PRADESH,Merchant,Pending,Operational / Successful,25,28,23255.0
2022-06,UTTAR PRADESH,Merchant,Pending - Waiting for Pick Up,Operational / Successful,16,17,11540.0
2022-06,UTTAR PRADESH,Merchant,Shipped - Delivered to Buyer,Operational / Successful,488,516,363274.0
2022-06,UTTAR PRADESH,Merchant,Shipped - Out for Delivery,Operational / Successful,4,4,4097.0
2022-06,UTTAR PRADESH,Merchant,Shipped - Picked Up,Operational / Successful,82,84,55927.0
2022-06,UTTAR PRADESH,Merchant,Shipped - Rejected by Buyer,Operational / Successful,1,1,899.0
2022-06,UTTAR PRADESH,Merchant,Shipped - Returned to Seller,Operational / Successful,34,34,22271.0
2022-06,UTTAR PRADESH,Merchant,Shipped - Returning to Seller,Operational / Successful,18,19,15459.0
2022-06,UTTARAKHAND,Amazon,Cancelled,Revenue At Risk,44,24,17274.0
2022-06,UTTARAKHAND,Amazon,Pending,Operational / Successful,6,7,4675.0
2022-06,UTTARAKHAND,Amazon,Shipped,Operational / Successful,214,222,148479.0
2022-06,UTTARAKHAND,Merchant,Cancelled,Revenue At Risk,23,0,10201.73
2022-06,UTTARAKHAND,Merchant,Pending,Operational / Successful,1,1,735.0
2022-06,UTTARAKHAND,Merchant,Pending - Waiting for Pick Up,Operational / Successful,3,3,1031.0
2022-06,UTTARAKHAND,Merchant,Shipped - Delivered to Buyer,Operational / Successful,66,70,46432.0
2022-06,UTTARAKHAND,Merchant,Shipped - Picked Up,Operational / Successful,15,15,10191.0
2022-06,UTTARAKHAND,Merchant,Shipped - Returned to Seller,Operational / Successful,6,6,4290.0
2022-06,UTTARAKHAND,Merchant,Shipped - Returning to Seller,Operational / Successful,3,3,2081.0
2022-06,Unknown,Amazon,Cancelled,Revenue At Risk,2,1,491.0
2022-06,Unknown,Amazon,Shipped,Operational / Successful,2,4,2568.0
2022-06,Unknown,Merchant,Shipped - Delivered to Buyer,Operational / Successful,2,2,1527.0
2022-06,WEST BENGAL,Amazon,Cancelled,Revenue At Risk,155,73,53595.0
2022-06,WEST BENGAL,Amazon,Pending,Operational / Successful,19,20,13450.0
2022-06,WEST BENGAL,Amazon,Shipped,Operational / Successful,887,953,622036.0
2022-06,WEST BENGAL,Merchant,Cancelled,Revenue At Risk,69,0,32159.1
2022-06,WEST BENGAL,Merchant,Pending,Operational / Successful,11,13,8788.0
2022-06,WEST BENGAL,Merchant,Pending - Waiting for Pick Up,Operational / Successful,9,10,6825.0
2022-06,WEST BENGAL,Merchant,Shipped - Delivered to Buyer,Operational / Successful,216,226,152196.0
2022-06,WEST BENGAL,Merchant,Shipped - Out for Delivery,Operational / Successful,1,1,692.0
2022-06,WEST BENGAL,Merchant,Shipped - Picked Up,Operational / Successful,55,58,36547.0
2022-06,WEST BENGAL,Merchant,Shipped - Returned to Seller,Operational / Successful,15,18,11901.0
2022-06,WEST BENGAL,Merchant,Shipped - Returning to Seller,Operational / Successful,9,10,7990.0
2022-06,delhi,Amazon,Shipped,Operational / Successful,3,5,5029.0
2022-06,delhi,Merchant,Shipped - Picked Up,Operational / Successful,1,2,1074.0
2022-06,delhi,Merchant,Shipped - Returned to Seller,Operational / Successful,1,1,1099.0
2022-06,punjab,Merchant,Shipped - Delivered to Buyer,Operational / Successful,1,1,958.0
2022-06,rajsthan,Amazon,Shipped,Operational / Successful,1,1,521.0
